1|real|In year zero, invest ₱10,000 in a 15% security for 5 years. Average annual inflation is 6%. How much is the maturity balance in year-zero pesos?|15030.03~20113.57~18289.05~16892.34|10000*(1.15/1.06)**5|₱|Discount the nominal maturity amount by inflation; do not merely subtract 6% from 15%.
2|sl|A machine was sold for $10,000 after 5 years. Its straight-line depreciation charge was $4,000 annually. Determine the original cost.|25000~35000~30000~40000|10000+5*4000|$|Treat the sale price as the remaining value, as intended by the problem.
3|bond|A $1,000 bond pays a 6% coupon semiannually and matures in 5 years. Find its price at an 8% nominal annual yield.|918.89~942.47~981.54~938.65|30*pa(.04,10)+1000/1.04**10|$|Coupon = 1000(0.06)/2; yield per period = 0.08/2; periods = 10.
4|irr|Invest $350,000 and receive $200,000 at each year-end for 3 years. What is the nearest annual rate of return?|15~33~57~42|irr(350000,200000,3)*100|%|Solve 200000(P/A,X,3)−350000=0; use X≈0.3 initially. Nearest whole-percent choice.
5|cr|Amortize a ₱10,000 debt at 10% compounded semiannually by equal semiannual payments over 5 years. First payment is in 6 months. Find each payment.|1234.09~1255.90~1275.68~1295.05|10000*cr(.05,10)|₱|i = 0.10/2 and n = 5×2; ordinary annuity.
6|due|A $60,000 machine is paid by 12 quarterly installments at the beginning of each period. Interest is 24% compounded quarterly. Find each payment.|7371.91~7521.51~6412.31~6751.53|60000*cr(.06,12)/1.06|$|Divide the ordinary payment by 1+i because every payment is one period earlier.
7|syd|An asset costs ₱10,000, lasts 20 years, and has zero salvage. Find the third-year depreciation using SYD.|857.14~862.19~871.11~880|10000*18/210|₱|Year 3 uses the digit 20−3+1=18; SYD = 20×21/2.
8|euac|Equipment costs ₱15,000, lasts 6 years, and has ₱2,000 salvage. At 12%, find the nearest equivalent uniform annual cost.|1500~2500~3500~4500|15000*cr(.12,6)-2000*sf(.12,6)|₱|Annualize the purchase and subtract annualized salvage. Select the nearest stated choice.
9|cc|At 6%, find the capitalized cost of a ₱250 million bridge requiring ₱100 million rebuilding every 20 years.|275.3~265.5~295.3~282.1|250+100/(1.06**20-1)|₱ million|The first rebuilding occurs at year 20, then repeats indefinitely.
10|cr|A ₱1 million house loan charges 12% compounded annually. Find the monthly payment over 10 years.|13994.17~14801.12~13720.15~14078.78|1000000*cr(1.12**(1/12)-1,120)|₱|Annual compounding means effective monthly i = 1.12^(1/12)−1, not 0.12/12.
11|sl|A machine cost ₱120,000 five years ago, has ₱10,000 salvage after 10 years, and is sold now for ₱30,000. Find the unrecovered depreciation (“sink cost” in the sheet), using straight line.|21000~30000~35000~25000|120000-5*(120000-10000)/10-30000|₱|Book value is ₱65,000. The loss versus book value is ₱35,000. This is the sheet's intended unrecovered-loss calculation; sunk cost generally means an unrecoverable past expenditure.
12|syd|With no salvage, annual SYD depreciation must never exceed 20% of first cost. Find the minimum useful life.|7~8~9~10|9|years|The largest charge is the first: 2/(n+1)≤0.20, so n≥9.
13|simple|An item is payable in 100 days, with a 3% discount if paid in 31 days. Find the annual simple interest charged.|12.15~6.25~22.32~16.14|(.03/.97)*(360/69)*100|%|The extra 69 days cost 3% of the full price, but the financed principal is 97% of that price. Use the ordinary 360-day convention.
14|rate|Convert 12% nominal annual interest compounded semiannually to an equivalent nominal annual rate compounded quarterly.|19.23~23.56~14.67~11.83|4*(1.06**.5-1)*100|%|Match annual growth: (1+r/4)^4 = (1+0.12/2)^2.
15|fa|Find the accumulated amount of a 5-year ordinary annuity paying ₱6,000 annually at 15%.|40519.21~40681.29~40454.29~40329.10|6000*fa(.15,5)|₱|Five end-of-year deposits; use F/A.
16|deferred|A lot is paid by ₱100,000 now plus ten ₱8,000 semiannual payments starting 3 years from now. Find present value at 12% compounded semiannually.|142999.08~143104.89~142189.67~143999.08|100000+8000*pa(.06,10)/1.06**5|₱|First payment is at period 6. The annuity value is at period 5, so discount five periods.
17|db|A $720,000 machine lasts 10 years and depreciates at 25% of book value annually. Find total depreciation over its life.|679454~667245~672125~681582|720000*(1-.75**10)|$|Total depreciation = first cost minus remaining book value; do not sum ten equal charges.
18|euac|A motor costs ₱5,000, lasts 2 years, and has ₱800 salvage. At 4%, how much can be paid for an equivalent 3-year motor with ₱1,000 salvage?|7892.13~7157.40~7489.21~7300.12|(5000*cr(.04,2)-800*sf(.04,2)+1000*sf(.04,3))/cr(.04,3)|₱|Set both annual costs equal; solve for the new first cost.
19|cc|A textile plant installs a boiler for ₱300,000. Life is 15 years and salvage is ₱30,000. Find capitalized cost at 18% annually.|323500.33~322549.33~332509.33~341240.33|300000+270000/(1.18**15-1)|₱|Assume identical replacement indefinitely; net replacement = cost minus salvage.
20|continuous|Borrow ₱500,000 at 12% compounded continuously. How much is owed after 5 years?|910059.40~911059.40~912059.40~913059.40|500000*exp(.12*5)|₱|Use e^(rt), with r as a decimal.
21|sl|A machine has ₱12,000 salvage after 6 years and book value ₱30,833.33 after 5 years. Find its first cost using straight line.|125500~125000~135500~135000|6*30833.33-5*12000|₱|BV5 = C−5(C−S)/6; rearrange to C = 6BV5−5S. Book value was rounded in the question.
22|euac|A machine costs $80,000, has $20,000 salvage after 20 years, and costs $18,000 annually to operate. Find EUAC at 10%.|23000~25000~27000~29000|80000*cr(.10,20)-20000*sf(.10,20)+18000|$|Purchase annualization + operation − salvage annualization. The coarse choices imply a nearest-value selection.
23|perpetuity|At 12% compounded quarterly, find the present value of a perpetuity paying $1,000 monthly.|83333~98125~101000~400000|1000/(1.03**(1/3)-1)|$|Convert the quarterly rate to an effective monthly rate before using P=A/i.
24|pa|An endowment pays ₱100,000 each quarter-end for 10 years. What equivalent lump sum can be received at the end of year 4 at 14% compounded quarterly?|3802862~3702939~3502546~3602431|100000*pa(.035,40)*1.035**16|₱|Value all 40 payments at time zero, then carry that value to quarter 16.
25|cr|A ₱12,000 debt at 20% compounded quarterly is amortized by semiannual payments over 3 years, starting in 6 months. Find each payment.|2775.50~2662.89~2590.04~2409.78|12000*cr(1.05**2-1,6)|₱|Payment-period rate = 1.05²−1 = 10.25%; six payments.
26|due|A ₱12,000 washing machine is paid over 5 years at 8% compounded annually, with payments at each year's beginning. Find the yearly payment.|2782.85~2872.58~2400~2827.58|12000*cr(.08,5)/1.08|₱|Ordinary payment divided by 1.08 gives the due-annuity payment.
27|euac|A printer has a 5-year life and a 2-year warranty. Maintenance is $100 at each year-end after the warranty. Find equivalent annual maintenance cost at 10%.|54~68~62~70|100*pa(.10,3)/1.1**2*cr(.10,5)|$|Only years 3, 4, and 5 incur maintenance; annualize over the entire 5-year life.
28|simple|A ₱100,000 one-year loan has 20% interest deducted immediately. The borrower repays ₱100,000 after a year. Find the actual interest rate.|23.5~24.7~25~25.8|20000/80000*100|%|Actual cash received = ₱80,000; interest cost = ₱20,000.
29|real|An annuity pays $1,000 yearly for 10 years. Require a 5% real return with 6% annual inflation. Find the price to pay.|5662~6231~5924~5816|1000*pa(1.05*1.06-1,10)|$|The equivalent nominal discount rate is 1.05×1.06−1=11.3%.
30|cashflow|Pay a $15,000 debt by $4,000 at month 3, $5,000 at month 12, $3,000 at month 15, and a final payment at month 21. Interest is 18% compounded quarterly. Find final payment.|6723.14~7128.26~6221.98~7210.62|15000*1.045**7-4000*1.045**6-5000*1.045**3-3000*1.045**2|$|Use month 21 as the focal date: quarter 7. Accumulate each earlier cash flow to quarter 7.
31|breakEven|A machine shop has $70,000 annual fixed maintenance cost. Forgings cost $56 each and sell for $125. Find break-even units.|780~890~900~1015|70000/(125-56)|units|Round up to a whole unit to actually cover costs; the sheet gives approximate volumes.
32|db|A ₱45,000 machine has ₱4,350 book value after 6 years. Find its constant-percentage annual depreciation rate.|33.25~32.25~35.25~34.25|(1-(4350/45000)**(1/6))*100|%|Use k=1−(S/C)^(1/n).
33|simple|Borrow $10,000 for 90 days at 8% simple interest. Find amount due.|10500~11200~10200~11500|10000*(1+.08*90/360)|$|Ordinary 360-day assumption; exact interest would give a different result.
34|continuous|Find the continuously compounded nominal annual rate equivalent to an 8.33% effective annual rate. The sheet also mentions a 6-year period.|7~5~8~6|log(1.0833)*100|%|An annual effective rate converts by r=ln(1+ie); the six years do not change that annual conversion.
35|cashflow|Debt payments are ₱5,000, ₱4,500, ₱4,000, and ₱3,500 at years 1 to 4. Find accumulated amount at year 4 at 5%.|18030.56~18290.12~18621.89~18449.37|5000*1.05**3+4500*1.05**2+4000*1.05+3500|₱|Move each payment to year 4. The last payment earns no further interest.
36|sf|A father needs ₱40,000 on his son's 21st birthday. Deposit every 6 months at 3% compounded semiannually, starting at age 3½. Find each deposit.|829.68~815.80~830.12~846.10|40000*sf(.015,36)|₱|Counting the deposit at age 3½ and the final deposit at 21 gives 36 deposits.
37|db|A $720,000 machine has $40,545.73 book value after 10 years. Find constant-percentage depreciation rate.|20~30~18~25|(1-(40545.73/720000)**.1)*100|%|Salvage is rounded; the rate is approximately 25%.
38|sf|Machinery costs $20,000, lasts 8 years, and has $2,000 scrap value. Find annual replacement deposits at 4%.|1880~2033~2103~1953|18000*sf(.04,8)|$|Replacement fund target = cost minus scrap.
39|sf|Bonds mature for ₱150,000 after 10 years. How much must be deposited annually in a 3% sinking fund?|13084.58~13048.85~13408.58~13480.58|150000*sf(.03,10)|₱|Ten end-of-year deposits accumulate to the bond principal.
40|due|Receive $3,000 at the beginning of every 3 months for 4 years. Find accumulated amount at year 4 at 6% compounded quarterly.|45604~64320~54604~46690|3000*fa(.015,16)*1.015|$|16 beginning-of-quarter payments; multiply ordinary future worth by 1.015. The source prints “34 years” but asks the end of year 4; this solution uses 4 years.
41|cashflow|Lend $600 for 4 years at 6% simple interest, then invest the entire amount for 12 years at 5% compounded annually. Find final amount.|1783~1249~2014~1336|600*(1+.06*4)*1.05**12|$|First stage is simple; second stage is compound.
42|sl|A mill costs ₱800,000 installed, lasts 10 years, has ₱50,000 salvage and ₱15,000 dismantling cost. Find book value after 6 years using straight line.|341000~343000~340000~342000|800000-6*(800000-50000+15000)/10|₱|Net salvage = ₱35,000; annual depreciation = ₱76,500.
43|db|A $1 million milling machine has a 10-year life and loses 25% of its book value annually. Find total depreciation over its life.|892422~932252~943686~899541|1000000*(1-.75**10)|$|Book value after ten years is C(0.75)^10.
44|simple|Earn $328 interest in 2 years at 8.5% simple interest. Find principal.|1720~1838~1930~2020|328/(.085*2)|$|Rearrange I=Prt to P=I/(rt).
45|cr|Find the annual payment to extinguish a ₱10,000 debt over 6 years at 12% annually.|2324.62~2234.26~2432.26~2342.26|10000*cr(.12,6)|₱|Six end-of-year payments.
46|cr|A $20,000 property has a $5,000 down payment. The balance is paid by 12 equal annual installments at 4%. Find installment.|1859~1598~1895~1589|15000*cr(.04,12)|$|Only the $15,000 balance is financed.
47|sf|A $20,000 machine lasts 10 years and has $2,000 salvage. Find annual savings for replacement at 4%.|1300~1200~1400~1500|18000*sf(.04,10)|$|The options are coarse; compare the calculated amount with them.
48|fa|Deposit ₱500 at each month-end in an account at 12% compounded monthly. The planned horizon is 10 years, but the question asks the amount after 2 years. Find that amount.|13100.60~13589.50~13982.80~13486.70|500*fa(.01,24)|₱|Use the requested 2 years = 24 deposits, not the planned 120 deposits.
49|bond|A $5,000 bond pays 7% annually and repays principal at year 8. Find its price for an 8% return.|4712.95~4652.19~4523.24~4429.13|350*pa(.08,8)+5000/1.08**8|$|Discount the coupons and redemption separately.
50|annualSL|A motor costs ₱6,000, a generator ₱4,000, and assembly ₱500. The system lasts 10 years, has ₱400 salvage, runs 1,600 hours yearly, costs ₱0.85/hour and ₱300 annual maintenance. Find annual cost using straight-line depreciation.|2710~2630~2480~2670|(10500-400)/10+300+1600*.85|₱|No interest rate is given; combine depreciation and operating costs only.
51|simple|A $5,000 loan lasts 15 months at 15% simple interest. Find amount due.|5937~5720~5683~5822|5000*(1+.15*15/12)|$|15 months = 1.25 years.
52|simple|Borrow ₱10,000 and repay after 90 days at 8% simple interest. Find amount due.|10200~11500~9500~10700|10000*(1+.08*90/360)|₱|Use 360 days under ordinary simple interest.
53|simple|Interest is $450 after 2 years 6 months at 6% simple interest. Find principal.|2800~3100~3400~3000|450/(.06*2.5)|$|Use t=2.5 years.
54|simple|A television costs ₱25,000 payable after 60 days. Find immediate cash price if money is worth 14% simple interest.|20234.87~19222.67~24429.97~28456.23|25000/(1+.14*60/360)|₱|Discount by dividing by 1+rt, not by subtracting interest on the maturity price.
55|simple|A ₱110,000 time deposit for 31 days earns ₱890.39 after 20% withholding tax on interest. Find annual rate.|12.5~11.95~12.25~11.75|890.39/(.8*110000)*(360/31)*100|%|The day basis is not stated. With ordinary 360-day interest, r≈11.75% (D); a 365-day basis gives ≈11.91%, which does not match a printed option.
56|simple|A fan costs $1,500 payable after 90 days. Find cash price at 10% simple interest.|1463~1280~1502~1320|1500/(1+.10*90/360)|$|The sheet inconsistently labels the options with pesos; the arithmetic uses the same monetary unit throughout.
57|simple|An item is payable after 100 days, with 3% discount if paid in 31 days. Find annual simple interest charged.|17.33~14.81~15.48~16.14|(.03/.97)*(360/69)*100|%|Finance 97% of the price over an extra 69 days.
58|simple|Find total amount on $10,500 at 5% for 75 days using exact interest.|10619.38~10668.27~10640.63~10607.87|10500*(1+.05*75/365)|$|Exact interest uses the actual-year basis; no leap year is specified.
59|simple|Find exact simple interest on $5,000 from January 15 to November 28, 1992 at 22%.|955.74~894.23~942.32~825.43|5000*.22*318/366|$|1992 is a leap year. Exclude the starting date and include the ending date: 318 days.
60|simple|Interest paid is $9,600 after 5 years at 16% simple interest. Find loan principal.|16400~12500~12000~18000|9600/(.16*5)|$|P=I/(rt); the answer is principal, not amount due.
61|simple|Find interest on ₱6,800 for 3 years at 11% simple interest.|1875~1987~2144~2244|6800*.11*3|₱|Interest only: do not add the principal.
62|compound|Invest ₱5,000 for 10 years at 8% compounded quarterly. Find compound interest earned.|6005.30~6000~6040.20~6010.20|5000*((1+.08/4)**40-1)|₱|Interest = future amount minus principal.
63|fa|Deposit $300 at each half-year end for 10 years at 2% compounded semiannually. Find accumulated amount.|6383~6424~6605~6512|300*fa(.01,20)|$|20 deposits at 1% each half-year.
64|cashflow|At 15%, find the investment needed to fund annual scholarships: $30,000 for years 1–6, $40,000 for years 7–10, and $50,000 every year thereafter.|254423~249562~264522~241282|30000*pa(.15,6)+40000*pa(.15,4)/1.15**6+(50000/.15)/1.15**10|$|Split into two finite annuities and a deferred perpetuity.
65|compound|₱50,000 earns 7.5% annually for 5 years without withdrawals. Find accumulated amount.|70374.90~71781.47~72475.23~78536.34|50000*1.075**5|₱|Assume annual compounding as implied by the question.
66|db|A ₱100,000 machine lasts 25 years and has ₱5,000 salvage. Using double declining balance, find nearest book value after 3 years.|16000~22000~58000~78000|100000*(1-2/25)**3|₱|DDB rate = 2/25 = 8%. Salvage is a lower limit; the year-3 book value remains above it.
67|compound|Deposit $500,000 at 11.25% compounded monthly for 7 years 9 months. Find compound interest.|684137~672192~690849~668286|500000*((1+.1125/12)**93-1)|$|93 monthly periods. Subtract the original deposit.
68|cashflow|A property costs $1 million cash. Pay $200,000 now, $300,000 at year 1, $400,000 at year 3, and the balance at year 5. Find final payment at 20% annually.|832211~883380~941412~792576|800000*1.2**5-300000*1.2**4-400000*1.2**2|$|Move the financed balance and payments to year 5.
69|compound|Invest ₱10,000 to be repaid in one sum after 5 years at 12% annually. How much profit is realized in “present day pesos”?|7563.29~7498.20~7340.12~7623.42|10000*(1.12**5-1)|₱|This expression gives nominal interest ₱7,623.42. The phrase “present day pesos” is ambiguous: discounting that interest at 12% gives a different present worth, and no inflation rate is supplied.
70|compound|Need $20,000 after 10 years. Interest is 8% annually for the first 5 years, then 12% compounded quarterly for the next 5. Find investment today.|7249.52~7536.45~7104.28~7302.18|20000/(1.08**5*1.03**20)|$|Divide by both successive growth factors.
71|pa|Find present value of $1,000 paid at each year-end for 5 years at 4%.|4451~4415~4541~4514|1000*pa(.04,5)|$|Five end-of-year payments.
72|compound|Invest $2,825 for 8 years at 5% compounded quarterly. Find accumulated amount.|4204~4712~4902~4414|2825*1.0125**32|$|i=1.25%, n=32.
73|irr|Invest $350,000 and receive $200,000 annually for 3 years. Find annual rate of return.|15.8~32.7~27.5~42.3|irr(350000,200000,3)*100|%|Use SOLVE on the annuity present-worth residual.
74|compound|Deposit $1,000 at 6% compounded annually. Find accumulated amount after 12 years.|2021~2214~2142~2012|1000*1.06**12|$|One deposit; use a lump-sum growth factor.
75|compound|Compound interest on ₱3,000 over 2 years is ₱500. Find compound interest on the same principal over 4 years.|956~1083~1125~1526|3000*((3500/3000)**2-1)|₱|The four-year growth factor is the square of the two-year factor.
76|compound|At 6% compounded semiannually, how much must be deposited today to receive $10,000 after 5 years?|7472~13439~7441~13382|10000/1.03**10|$|Ten half-year periods.
77|compound|Find accumulated amount of ₱5,000 after 10 years at 8% compounded quarterly.|12456.20~13876.50~10345.80~11040.20|5000*1.02**40|₱|This asks for the total amount, unlike problem 62 which asks interest only.
78|rate|Find the annual compounded rate equivalent to 8% compounded quarterly.|11.74~9.14~8.24~10.94|(1.02**4-1)*100|%|The equivalent annually compounded rate equals the effective annual rate.
79|compound|Invest $10,000 for 20 years at 6% compounded monthly. Find accumulated amount.|32070~32898~32620~33102|10000*1.005**240|$|240 monthly periods.
80|rate|Find effective annual rate for 18% compounded semi-quarterly.|19.25~19.48~18.46~18.95|((1+.18/8)**8-1)*100|%|Semi-quarterly means eight compounding periods per year.
81|rate|A firm charges 1.5% per month on credit purchases. Find equivalent effective annual rate.|1.5~18.5~18~19.56|(1.015**12-1)*100|%|Monthly rate is already given; do not divide it by 12.
82|rate|A bank advertises 9.5% nominal interest yielding 9.84% annually. How often is interest compounded?|monthly~bi-monthly~quarterly~daily|4|periods/year|At m=4, (1+0.095/4)^4−1≈9.84%. Test the four candidate frequencies.
83|rate|Find annual compounded rate equivalent to 8% compounded quarterly.|8.07~8.12~8.16~8.24|(1.02**4-1)*100|%|Four quarterly growth factors produce one annual growth factor.
84|rate|Convert 12% compounded monthly to an equivalent nominal rate compounded bimonthly.|12.12~12.06~12.02~12.21|6*(1.01**2-1)*100|%|Bimonthly means once every two months, or six periods annually.
85|continuous|Find effective annual interest rate for 12% compounded continuously.|12.40~11.26~12.75~11.55|(exp(.12)-1)*100|%|Use e^r−1.
86|rate|Effective annual interest is 19.56% with 12 compounding periods. Find nominal annual rate.|1.5~21.41~18~1.63|12*(1.1956**(1/12)-1)*100|%|Nominal rate = m[(1+ie)^(1/m)−1]; the effective rate is rounded.
87|rate|₱1,000 grows to ₱1,126.49 after 4 years with semiannual compounding. Find nominal and effective annual rates.|3% and 3.02%~2.30% and 2.76%~4.29% and 4.32%~3.97% and 3.95%|2*(1.12649**(1/8)-1)*100|%|Find i=(F/P)^(1/8)−1; nominal=2i≈3.00%, effective=(1+i)^2−1≈3.02%.
88|continuous|Find continuously compounded nominal rate equivalent to 10% effective annually.|11.12~10.19~10.68~9.53|log(1.10)*100|%|r=ln(1+ie).
89|continuous|Invest $5,000 at 3% compounded continuously for 10 years. Find future worth.|6750~6570~6075~6057|5000*exp(.03*10)|$|Use F=Pe^(rt).
90|continuous|How long does money take to double at 10% compounded continuously?|6.73~6.83~6.63~6.93|log(2)/.10|years|t=ln(F/P)/r; this avoids numerical SOLVE.
91|continuous|Find continuously compounded nominal annual rate equivalent to a 4% effective annual rate.|3.80~4.10~3.92~4.09|log(1.04)*100|%|Use ln(1.04).
92|continuous|Effective annual rate is 24%. Find nominal rate of a continuously compounded loan.|21.51~22.35~23.25~21.90|log(1.24)*100|%|Use ln(1.24).
93|continuous|A continuously compounded investment has a 10-year compound amount factor of 1.34986. Find nominal annual rate.|3~4~5~6|log(1.34986)/10*100|%|r=ln(F/P)/t.
94|continuous|A credit card charges 1.5% per month compounded continuously. Find effective annual rate.|19.72~20.25~21.20~19.90|(exp(.015*12)-1)*100|%|Annual continuous rate = 0.015×12 = 0.18.
95|continuous|A man borrows ₱2,000 at 8% compounded continuously. The sheet asks how long in years but gives no final amount.|7.18~5.18~8.18~6.18||years|A target amount F is missing. Time cannot be determined from principal and rate alone; do not choose a letter.
96|continuous|Find the difference between future amounts of ₱500 at 5% compounded annually and continuously after 5 years.|3.87~5.48~4.21~6.25|500*(exp(.05*5)-1.05**5)|₱|Subtract annual-compounding growth from continuous-compounding growth.
97|due|A life-insurance beneficiary receives $2,000 yearly for 5 years, with the first payment now. Find present value at 4%.|9529~9295~9592~9259|2000*pa(.04,5)*1.04|$|Five beginning-of-year payments at years 0 through 4; multiply ordinary present worth by 1.04.
98|pa|Borrow now and repay by six ₱2,000 quarterly payments at 12% compounded quarterly. Find amount borrowed.|10834.38~10382.90~10586.99~10200.56|2000*pa(.03,6)|₱|Six quarter-end payments at 3% per quarter.
99|fa|Find accumulated amount of ₱6,000 yearly for 5 years at 15% annually.|40454.29~41114.29~41454.29~40544.29|6000*fa(.15,5)|₱|Ordinary annuity; same arithmetic as problem 15 with a different option order.
100|irr|A machine costs ₱10,000 cash, or ₱2,000 down plus ₱750 each year for 15 years. Find annual interest rate.|4.61~3.81~5.71~11|irr(8000,750,15)*100|%|The financed principal is ₱8,000; solve 750(P/A,X,15)−8000=0.
101|pa|Ten equal ₱2,000 quarterly payments repay a loan at 10% compounded quarterly. Find amount borrowed.|17304.78~17404.12~17504.13~17604.34|2000*pa(.025,10)|₱|Use present worth with i=0.025, n=10.
102|cashflow|Lease payments start at $20,000 at year 1 and rise by $1,500 annually for 8 years. Find equivalent lump sum today at 7%.|147609~168224~156321~142125|sum((20000+1500*(t-1))/1.07**t for t in range(1,9))|$|Discount each payment. A gradient starts with zero increment at year 1.
103|pa|Pay $200 at each year-end for 10 years. Find present worth at 6%.|1274~1472~1247~1427|200*pa(.06,10)|$|End-of-year series; P/A factor.
104|cr|Buy ₱100,000 land on monthly installments over 20 years at 12% nominal interest. Find monthly amortization.|1101.08~1121.01~1152.15~1128.12|100000*cr(.01,240)|₱|Assume monthly compounding consistent with the installment convention; i=1%, n=240.
105|sf|Find annual deposits for 12 years to accumulate ₱20,000 at 6% annually.|1290.34~1185.54~1107.34~1205.74|20000*sf(.06,12)|₱|A=F(A/F,i,n).
106|sf|Find annual deposits to accumulate ₱100,000 on the date of the fifth annual deposit at 10%.|16002.18~15890.12~16379.75~15980.12|100000*sf(.10,5)|₱|Five deposits, with the final deposit included at the target date.
107|cr|A 10% down payment of ₱200,000 is made on a house and lot. Pay the balance monthly over 5 years at 15% compounded monthly. Find installment.|42821.87~42980~43102.23~43189.03|1800000*cr(.15/12,60)|₱|Total price = 200000/0.10 = ₱2 million; finance ₱1.8 million.
108|pa|A car is paid by $10,000 monthly for 60 months. Interest is 12% compounded annually. Find cash price.|455879~502362~492526~548283|10000*pa(1.12**(1/12)-1,60)|$|Convert the effective annual rate to effective monthly before discounting.
109|fa|Deposit an equal amount each January 1 from year 1 through year 6 at 6%. Find deposit needed to have ₱5,000 on the date of the last deposit.|751~717~715~725|5000/fa(.06,6)|₱|Six deposits have 5,4,3,2,1,0 years of growth; target date is the last deposit, not one year later.
110|due|Find present worth of six $120,000 payments at the beginning of each year at 15% annually.|522260~580450~520320~550470|120000*pa(.15,6)*1.15|$|Due annuity; first payment is now.
111|due|Deposit $200 at the beginning of each year for 15 years at 7% annually. Find approximate balance at year 15.|5800~5200~5600~5400|200*fa(.07,15)*1.07|$|All 15 deposits earn one extra year's interest compared with an ordinary annuity.
112|deferred|A student borrows ₱2,000 at 4.5% annually, repaid by ten equal semiannual installments starting 3 years later. Find each payment.|252.12~261.89~273.90~280.94|2000*1.0225**5*cr(.0225,10)|₱|Assume nominal annual 4.5% compounded semiannually. First payment at period 6 means discount five periods.
113|deferred|Borrow ₱187,400 at 5% annually. Repay by eight equal annual payments starting at the end of year 10. Find annual payment.|43600.10~43489.47~43263.91~43763.20|187400*1.05**9*cr(.05,8)|₱|The eight-payment annuity value is at year 9; carry the loan to that year first.
114|deferred|Pay ₱100,000 down and ten ₱8,000 semiannual installments starting after 3 years. Find cash price at 12% compounded semiannually.|134666.80~143999.08~154696.80~164969.80|100000+8000*pa(.06,10)/1.06**5|₱|Same cash flow as problem 16; first installment is at period 6.
115|deferred|Three $2,000 annual payments begin 4 years from today. Find present value at 4%.|5311~4943~4934~5131|2000*pa(.04,3)/1.04**3|$|The annuity present value is one period before the first payment, at year 3.
116|perpetuity|Find present worth of $5,000 paid at each year-end forever at 10%.|50000~5500~55000~500000|5000/.10|$|Perpetuity first payment is one year from now.
117|perpetuity|Find present worth of $1,000 yearly forever at 8%, first payment at the end of year 5.|15300~10500~9188~8450|(1000/.08)/1.08**4|$|P=A/i is located at year 4; discount four years.
118|perpetuity|Find present worth of $2,000 yearly forever when money is worth 10% compounded quarterly.|12150~30000~50000~19268|2000/(1.025**4-1)|$|Convert quarterly compounding to effective annual rate for annual payments.
119|perpetuity|Find present worth of a $10,000 annual perpetuity at 10%.|1000000~1000~100000~10000|10000/.10|$|P=A/i.
120|perpetuity|A perpetuity is worth $1,000 at 15.5%. Find periodic cash flow.|155~845~6451~1183|1000*.155|$|A=Pi.
121|perpetuity|Find present worth of a $15,000 semiannual perpetuity at 8% compounded quarterly.|363525~388121~354266~371287|15000/(1.02**2-1)|$|Half-year effective rate = 1.02²−1.
122|sl|Equipment costs $10,000 and has $500 salvage after 10 years. Find annual straight-line depreciation.|950~1050~1000~880|(10000-500)/10|$|Divide the depreciable base by useful life.
123|sl|A $10,000 machine lasts 10 years and has salvage of 10% of its cost. Find book value after 6 years using straight line.|4700~4600~4800~4500|10000-6*(10000-1000)/10|$|Salvage = $1,000; annual depreciation = $900.
124|sl|Tools cost $15,000, last 3 years, and have $1,000 salvage. Find annual straight-line depreciation.|4600~4100~5200~6500|(15000-1000)/3|$|The correct charge is $4,666.67; the printed $4,600 is not standard rounding to the shown precision.
125|sl|A mill costs ₱800,000 installed, lasts 10 years, and has ₱50,000 salvage with ₱15,000 dismantling. Find annual straight-line depreciation.|75500~76000~76500~77000|(800000-50000+15000)/10|₱|Deduct net salvage ₱35,000, not gross salvage ₱50,000.
126|sl|A $45,000 welding machine lasts 5 years and has $2,500 salvage. Find annual straight-line depreciation rate as a percent of first cost.|16.25~18.89~17.23~19.54|((45000-2500)/5)/45000*100|%|The annual charge is $8,500; divide by first cost to get the rate.
127|sl|Equipment costs $900,000, lasts 8 years, and has $200,000 salvage. Find book value after 5 years by straight line.|446200~438300~421400~462500|900000-5*(900000-200000)/8|$|Subtract five annual charges.
128|sl|A $200,000 machine has $25,000 salvage after 20 years. Find straight-line book value after 12 years.|105000~115000~87500~95000|200000-12*(200000-25000)/20|$|Annual charge = $8,750.
129|sl|An asset costs ₱500,000 and has ₱100,000 salvage after 25 years. Find total straight-line depreciation in the first 3 years.|48000~24000~32000~16000|3*(500000-100000)/25|₱|Total depreciation is three times the annual charge.
130|sl|Equipment costs ₱500,000 plus ₱30,000 installation. Life is 10 years; salvage is 10% of first cost. Find straight-line book value after 5 years.|291500~242241~282242~214242|530000-5*(530000-53000)/10|₱|First cost includes installation; salvage is ₱53,000.
131|sl|A ₱45,000 welding machine lasts 5 years and has ₱2,500 salvage. Find annual straight-line depreciation rate.|18.89~19.21~19.58~19.89|((45000-2500)/5)/45000*100|%|Same calculation as problem 126, with reordered choices.
132|sinkingDep|Equipment costs ₱10,000 and has ₱500 salvage after 10 years. Find annual sinking-fund deposit at 4%.|791.26~792.61~726.17~771.26|9500*sf(.04,10)|₱|The question's “annual depreciation cost” is the fixed sinking-fund deposit.
133|annualSF|A $30,000 machine is used for 5 years and sold for $10,000. At 8%, find annual cost using sinking-fund depreciation.|4589~4745~5809~5320|20000*sf(.08,5)+30000*.08|$|Annual cost = sinking-fund deposit + interest on original capital, as used in the handout.
134|sf|A $20,000 machine lasts 10 years and has $2,000 salvage. Find annual replacement savings at 4%.|1300~1200~1400~1500|18000*sf(.04,10)|$|Same replacement fund as problem 47.
135|syd|An asset costs ₱9,000, lasts 10 years, and has ₱1,000 salvage. Find total SYD depreciation in the first 3 years.|3279.27~3927.27~3729.27~3792.72|8000*(10+9+8)/55|₱|Use the digits 10+9+8 over the sum 55.
136|syd|A ₱10,000 asset lasts 20 years with zero salvage. Find third-year SYD depreciation.|1000~857~937~747|10000*18/210|₱|Year 3 uses digit 18.
137|syd|A $10,000 asset lasts 20 years with zero salvage. Find third-year SYD depreciation.|824~842~828~857|10000*18/210|$|Same numeric result as problem 136; different option order.
138|syd|A ₱9,000 asset lasts 10 years with ₱1,000 salvage. Find book value after the first year using SYD.|8000~6500~7545~6000|9000-8000*10/55|₱|Deduct only first-year depreciation.
139|syd|Equipment cost $15,000 three years ago and lasts 5 years. Find book value after year 3 using SYD.|4000~3000~4600~2800|15000*(1-(5+4+3)/15)|$|Assume zero salvage because none is specified.
140|syd|A $9,000 asset lasts 10 years and has $1,000 salvage. Find total SYD depreciation after 4 years.|4945~4594~4549~4954|8000*(10+9+8+7)/55|$|Use four descending year digits; do not subtract from first cost because total depreciation is requested.
141|db|A ₱50,000 machine loses 20% of starting book value each year. Find book value after 9 years.|6710.89~6400.89~6666.89~6512.78|50000*.8**9|₱|Keep 80% of book value each year.
142|db|A $480,000 machine lasts 12 years and has salvage equal to 10% of first cost. Find book value after 5 years using declining balance.|183896~196432~152758~214785|480000*.1**(5/12)|$|Use C(S/C)^(m/n). The printed choice near the result may contain a typo.
143|db|Equipment costs ₱90,000, lasts 8 years, and has ₱18,000 salvage. Find book value and accumulated depreciation after 5 years using double declining balance.|21357.42 and 68642.58~24362.48 and 65637.52~15830.34 and 74169.66~19442.78 and 70557.22|90000*.75**5|₱|DDB rate = 2/8. BV≈₱21,357.42, accumulated depreciation≈₱68,642.58; BV remains above salvage at year 5.
144|db|A $720,000 machine has $40,545.73 salvage after 10 years. Find constant annual declining-balance rate.|20~30~18~25|(1-(40545.73/720000)**.1)*100|%|Same rate calculation as problem 37.
145|real|Inflation is 9% and the real cost of money is 15% annually. Find the combined nominal rate for future costs estimated in present dollars.|24~6~22.45~25.35|(1.09*1.15-1)*100|%|Combine by multiplying growth factors; do not add percentages only.
146|real|An item costs $100 today. At 7% annual inflation, find its price after 10 years.|206.93~185.58~196.67~178.76|100*1.07**10|$|Future price = today's price times the inflation growth factor.
147|real|A ₱1,000 bond pays ₱50 annually for 20 years and repays ₱1,000 at maturity. At 2% annual inflation, find real rate of return.|2.94~4.25~3.16~5.16|(1.05/1.02-1)*100|%|Bought at par: nominal yield = 5%; real yield = (1.05/1.02)−1.
148|real|Inflation is 6% and real cost of money is 10%. Find the combined nominal rate.|16.6~17.7~15.5~14.4|(1.06*1.10-1)*100|%|Multiply 1.06 by 1.10 and subtract 1.
149|euac|Maintenance costs at years 1–4 are $100, $200, $300, $400. Find equivalent uniform annual maintenance at 6%.|243~292~256~238|sum(100*t/1.06**t for t in range(1,5))*cr(.06,4)|$|Discount unequal costs to time zero, then annualize.
150|annualSL|A $100,000 machine has $5,000 scrap after 10 years. At 5%, find annual cost using straight-line depreciation.|14500~13200~11200~12800|(100000-5000)/10+100000*.05|$|This follows the handout convention AC = straight-line charge + i×first cost; it is different from modern capital recovery EUAC.
151|euac|A pipeline costs $100,000 and lasts 20 years with no stated salvage. Find equivalent annual cost at 6%.|8718.45~8482.29~8524.58~8691.92|100000*cr(.06,20)|$|Use capital recovery over the 20-year life.
152|cc|A house costs ₱500,000 and needs ₱10,000 annual maintenance indefinitely. Find capitalized cost at 6%.|666000~666666.67~633333.33~650000|500000+10000/.06|₱|Add initial cost and the present value of perpetual maintenance.
153|cc|A timber penstock for a hydroelectric plant costs $50,000, lasts 10 years, has $2,000 salvage and $1,200 annual maintenance. Find capitalized cost at 10%.|92118~96110~90102~103120|50000+48000/(1.1**10-1)+1200/.10|$|Initial cost + indefinite net replacements + perpetual maintenance.
154|cc|A business needs $500,000 immediately and $90,000 annual operation and maintenance. Find capitalized cost at 15%.|590000~3933000~1200000~1100000|500000+90000/.15|$|Annual expenses are a perpetuity.
155|cc|An asset costs $100,000 and annual maintenance cost is $18,000. Find capitalized cost for perpetual service at 8%.|350000~325000~320000~310000|100000+18000/.08|$|The sheet says “annual cost”; the intended convention treats $18,000 as recurring expense excluding recovery of first cost.
156|cc|At 6%, find approximate capitalized cost of a $250 million bridge with $100 million rebuilding every 20 years.|301000000~290000000~295000000~282000000|250000000+100000000/(1.06**20-1)|$|Same bridge cash flow as problem 9, now stated in dollars.
157|cc|A structure costs $1.5 million and needs $150,000 annual maintenance indefinitely. Find capitalized cost at 15%.|2000000~1150000~2500000~1750000|1500000+150000/.15|$|Initial cost plus perpetual maintenance present worth.
158|cc|Equipment costs ₱324,000, has ₱50,000 salvage after 4 years, and money is worth 6%. Find capitalized cost.|540090.34~541033.66~540589.12~541320.99|324000+274000/(1.06**4-1)|₱|Assume replacement every 4 years forever. These printed choices do not fit the stated life and values.
159|cc|A long-term contract supplies a new $24,000 tractor every 5 years. Find capitalized cost at 6%.|93120~92360~94960~91180|24000+24000/(1.06**5-1)|$|Assume the first tractor is delivered now, followed by replacements every 5 years.
160|bond|A $1,000 bond pays 10% annually and sells for $1,080. To yield 12%, find redemption price after 8 years.|1365~1295~1550~1444|(1080-100*pa(.12,8))*1.12**8|$|Subtract coupon present worth from price, then accumulate the remaining redemption present value.
161|bond|A ₱1,000 bond pays 10% annually, redeems for ₱1,040 after 10 years, and sells for ₱1,120. Find yield.|4.68~6.48~8.64~8.46|bondYield(1120,100,1040,10)*100|%|Solve coupon present worth + redemption present worth − price = 0.
162|bond|A ₱1 million issue of 3%, 15-year bonds sells at 95% of par. Find investment yield.|3~3.4~3.7~4|bondYield(950000,30000,1000000,15)*100|%|Assume annual coupons and redemption at par.
163|bond|A bond pays $110 annually and redeems for $1,000 after 20 years. Find approximate value at 12%.|925~910~920~942|110*pa(.12,20)+1000/1.12**20|$|Discount all coupons and the final principal.
164|real|A ₱1,000 bond pays ₱50 annually for 20 years and redeems at par. Find real return with 2% annual inflation.|2.94~4.25~3.16~5.16|(1.05/1.02-1)*100|%|Same real-return calculation as problem 147.
165|bond|A ₱1,000 bond pays 8% annually, matures in 10 years at par, and sells for ₱1,030. Find yield.|7.56~7.65~7.75~7.86|bondYield(1030,80,1000,10)*100|%|Since price is above par, yield must be below the 8% coupon rate.
166|breakEven|Monthly fixed cost is $200,000. Unit variable cost is $160 and selling price is $200. Find break-even volume.|6500~8000~5000~7800|200000/(200-160)|units|Contribution per unit = selling price minus variable cost.
167|breakEven|An ice plant has electricity ₱20/block, tax ₱2/block, real estate tax ₱3,500/month, wages ₱25,000/month, other fixed costs ₱12,000/month, and selling price ₱55/block. Find monthly break-even blocks.|1220~1224~1228~1302|(3500+25000+12000)/(55-20-2)|units|Fixed total = ₱40,500; contribution = ₱33/block. Exact ratio≈1,227.27; need 1,228 blocks.
168|breakEven|A company sells 500,000 automotive parts yearly at ₱0.50 each. Annual fixed expenses are ₱80,000. Find break-even units.|160000~162000~165000~170000|80000/.50|units|No variable cost is stated. The result assumes zero variable cost; with a nonzero variable cost, the problem needs another given.
169|breakEven|Annual fixed maintenance is ₱69,994; cost is ₱56/forging and selling price ₱135. Find break-even units.|886~885~688~668|69994/(135-56)|units|Contribution = ₱79 per unit.
170|breakEven|Labor is $300/unit, material $400/unit, other variable cost $100/unit, fixed charges $100,000/month, and selling price $1,200/unit. Find break-even units.|300~500~250~400|100000/(1200-300-400-100)|units|Include all three variable-cost components.
171|breakEven|Plywood costs $0.75 labor, $3.25 material, and $0.50 other variable cost per piece. Fixed cost is $50,000/month, selling price $6. Find break-even pieces.|33333~38265~44444~22222|50000/(6-.75-3.25-.50)|units|Exact break-even is 33,333.33; 33,334 whole pieces are required. The printed 33,333 is an approximation, not enough to fully cover cost.
172|breakEven|Labor and materials cost $45/unit and other variable cost $15/unit. Fixed cost is $450,000/month and selling price $250. Find break-even units.|2368~3210~2340~3310|450000/(250-45-15)|units|Exact ratio is 2,368.42; need 2,369 whole units. Printed 2,368 is only an approximate ratio.
173|breakEven|A steel drum maker has $200,000 yearly fixed cost, $160 cost per drum, and $200 selling price. Find annual break-even drums.|1250~2500~5000~1000|200000/(200-160)|units|Contribution = $40/drum.
174|breakEven|An item costs ₱315 labor, ₱100 material, and ₱3 other variable cost. It sells for ₱995. Monthly overhead is ₱461,600. Find break-even units.|782~800~806~812|461600/(995-315-100-3)|units|Contribution = ₱577 per unit.
175|breakEven|A chair maker has ₱34,950 monthly fixed cost. Labor is ₱15/chair, material ₱65, and other variable cost ₱20. Selling price is ₱250. Find break-even chairs.|236~225~233~228|34950/(250-15-65-20)|units|Contribution = ₱150 per chair.
